{
    "target": {
        "baseFile": "menu_tree_csv.csv",
        "serverUrl": "http://221.148.66.193:20000/",
        "serverName": "ITSCOPE_BASIC_20000",
        "lastUpdateDt": "",
        "lastUpdatePerson": "",
        "globalParams": [
            {
                "paramName": "userId",
                "paramValue": "sadmin"
            },
            {
                "paramName": "userPw",
                "paramValue": "sadmin"
            }
        ]
    },
    "menus": [
        {
            "menuId": "",
            "menuName": "개발관리",
            "menuLevel": 1,
            "isTestTarget": true,
            "children": [
                {
                    "menuId": "",
                    "menuName": "개발관리",
                    "menuLevel": 2,
                    "isTestTarget": true,
                    "url": "",
                    "isActive": true,
                    "isLeaf": false,
                    "path": "개발관리 → 개발관리",
                    "includedScreens": [],
                    "children": [
                        {
                            "menuId": "",
                            "menuName": "프로그램 목록",
                            "menuLevel": 3,
                            "isTestTarget": false,
                            "url": "/sdlc/sdlcTab/sdlcNewProgramList.do?CM=sdlcProgramList&menuId=861",
                            "isActive": true,
                            "isLeaf": true,
                            "path": "개발관리 → 개발관리 → 프로그램 목록",
                            "includedScreens": [
                                {
                                    "screenName": "프로그램 목록",
                                    "screenId": "",
                                    "screenUrl": "/sdlc/sdlcTab/sdlcNewProgramList.do?CM=sdlcProgramList&menuId=861",
                                    "isFullPage": false,
                                    "isPopupPage": false,
                                    "isTabPage": false,
                                    "params": [],
                                    "transitions": []
                                }
                            ]
                        },
                        {
                            "menuId": "",
                            "menuName": "개발 진척 현황",
                            "menuLevel": 3,
                            "isTestTarget": false,
                            "url": "/sdlc/sdlcTab/developmentProgressNew.do?CM=developmentProgressNew&menuId=862",
                            "isActive": true,
                            "isLeaf": true,
                            "path": "개발관리 → 개발관리 → 개발 진척 현황",
                            "includedScreens": [
                                {
                                    "screenName": "개발 진척 현황",
                                    "screenId": "",
                                    "screenUrl": "/sdlc/sdlcTab/developmentProgressNew.do?CM=developmentProgressNew&menuId=862",
                                    "isFullPage": false,
                                    "isPopupPage": false,
                                    "isTabPage": false,
                                    "params": [],
                                    "transitions": []
                                }
                            ]
                        },
                        {
                            "menuId": "",
                            "menuName": "업무별 프로그램 진척 현황",
                            "menuLevel": 3,
                            "isTestTarget": false,
                            "url": "/sdlc/sdlcTab/developmentProgressNew.do?CM=developmentProgressNew&groupByBizCd=T&menuId=863",
                            "isActive": true,
                            "isLeaf": true,
                            "path": "개발관리 → 개발관리 → 업무별 프로그램 진척 현황",
                            "includedScreens": [
                                {
                                    "screenName": "업무별 프로그램 진척 현황",
                                    "screenId": "",
                                    "screenUrl": "/sdlc/sdlcTab/developmentProgressNew.do?CM=developmentProgressNew&groupByBizCd=T&menuId=863",
                                    "isFullPage": false,
                                    "isPopupPage": false,
                                    "isTabPage": false,
                                    "params": [],
                                    "transitions": []
                                }
                            ]
                        },
                        {
                            "menuId": "",
                            "menuName": "개발 지연 현황",
                            "menuLevel": 3,
                            "isTestTarget": false,
                            "url": "/sdlc/sdlcTab/developmentDelaystatusNew.do?CM=developmentDelaystatusNew&menuId=864",
                            "isActive": true,
                            "isLeaf": true,
                            "path": "개발관리 → 개발관리 → 개발 지연 현황",
                            "includedScreens": [
                                {
                                    "screenName": "개발 지연 현황",
                                    "screenId": "",
                                    "screenUrl": "/sdlc/sdlcTab/developmentDelaystatusNew.do?CM=developmentDelaystatusNew&menuId=864",
                                    "isFullPage": false,
                                    "isPopupPage": false,
                                    "isTabPage": false,
                                    "params": [],
                                    "transitions": []
                                }
                            ]
                        },
                        {
                            "menuId": "",
                            "menuName": "개발자 생산성 추이",
                            "menuLevel": 3,
                            "isTestTarget": false,
                            "url": "/sdlc/sdlcProgram/DeveloperDashboardList.do?menuId=865",
                            "isActive": true,
                            "isLeaf": true,
                            "path": "개발관리 → 개발관리 → 개발자 생산성 추이",
                            "includedScreens": [
                                {
                                    "screenName": "개발자 생산성 추이",
                                    "screenId": "",
                                    "screenUrl": "/sdlc/sdlcProgram/DeveloperDashboardList.do?menuId=865",
                                    "isFullPage": false,
                                    "isPopupPage": false,
                                    "isTabPage": false,
                                    "params": [],
                                    "transitions": []
                                }
                            ]
                        },
                        {
                            "menuId": "",
                            "menuName": "개발자별 진척 현황",
                            "menuLevel": 3,
                            "isTestTarget": false,
                            "url": "/sdlc/sdlcTab/programProgressNew.do?CM=developmentProgressNew&menuId=877",
                            "isActive": true,
                            "isLeaf": true,
                            "path": "개발관리 → 개발관리 → 개발자별 진척 현황",
                            "includedScreens": [
                                {
                                    "screenName": "개발자별 진척 현황",
                                    "screenId": "",
                                    "screenUrl": "/sdlc/sdlcTab/programProgressNew.do?CM=developmentProgressNew&menuId=877",
                                    "isFullPage": false,
                                    "isPopupPage": false,
                                    "isTabPage": false,
                                    "params": [],
                                    "transitions": []
                                }
                            ]
                        },
                        {
                            "menuId": "",
                            "menuName": "업무별 진척 현황",
                            "menuLevel": 3,
                            "isTestTarget": false,
                            "url": "/sdlc/sdlcTab/programProgressNew.do?CM=developmentProgressNew&groupByBizCd=T&menuId=878",
                            "isActive": true,
                            "isLeaf": true,
                            "path": "개발관리 → 개발관리 → 업무별 진척 현황",
                            "includedScreens": [
                                {
                                    "screenName": "업무별 진척 현황",
                                    "screenId": "",
                                    "screenUrl": "/sdlc/sdlcTab/programProgressNew.do?CM=developmentProgressNew&groupByBizCd=T&menuId=878",
                                    "isFullPage": false,
                                    "isPopupPage": false,
                                    "isTabPage": false,
                                    "params": [],
                                    "transitions": []
                                }
                            ]
                        }
                    ]
                }
            ]
        }
    ]
}